Time (Gyr),Hubble Parameter in Voids,Hubble Parameter in Clusters,Total Cosmic Expansion Energy,Energy Difference (Chaotic Sensitivity)
0.0,70.0,70.0,9800.0,0.0
0.10020040080160321,70.07013558587636,70.07013558587636,9819.647802046193,3.935019776690751e-08
0.20040080160320642,70.14024300590651,70.14024300590651,9839.307377855235,1.5734440239612013e-07
0.30060120240480964,70.21029410555545,70.21029410555545,9858.970796777188,3.5379162000026554e-07
0.40080160320641284,70.28026075290592,70.28026075290592,9878.630102992896,6.283644324867055e-07
0.5010020040080161,70.35011484995597,70.35011484995597,9898.277318803992,9.806444722926244e-07
0.6012024048096193,70.4198283439029,70.4198283439029,9917.904447969502,1.4100460248300806e-06
0.7014028056112225,70.48937323840902,70.48937323840902,9937.503479087467,1.9158869690727443e-06
0.8016032064128257,70.55872160484464,70.55872160484466,9957.066389019943,2.497356035746634e-06
0.9018036072144289,70.62784559350416,70.62784559350416,9976.58514635973,3.1535219022771344e-06
1.0020040080160322,70.69671744479008,70.69671744479008,9996.051714936972,3.8833222788525745e-06
1.1022044088176353,70.76530950036111,70.76530950036111,10015.458057363798,4.685589374275878e-06
1.2024048096192386,70.83359421423953,70.83359421423953,10034.796138615095,5.559033525059931e-06
1.3026052104208417,70.90154416387335,70.90154416387335,10054.057929643368,6.502254109364003e-06
1.402805611222445,70.96913206114907,70.96913206114907,10073.235411025633,7.513739546993747e-06
1.503006012024048,71.03633076335024,71.03633076335024,10092.320576640199,8.591852747485973e-06
1.6032064128256514,71.10311328405781,71.10311328405781,10111.305437371117,9.734871127875522e-06
1.7034068136272547,71.16945280398764,71.16945280398764,10130.182024838048,1.0940959327854216e-05
1.8036072144288577,71.23532268176086,71.23532268176086,10148.942395149188,1.220818012370728e-05
1.903807615230461,71.3006964646029,71.3006964646029,10167.578632674871,1.3534488971345127e-05
2.0040080160320644,71.3655478989665,71.3655478989665,10186.082853839363,1.4917766748112626e-05
2.1042084168336674,71.42985094107517,71.42985094107517,10204.447210928436,1.635579246794805e-05
2.2044088176352705,71.493579767382,71.493579767382,10222.663895910026,1.784624510037247e-05
2.3046092184368736,71.55670878494014,71.55670878494014,10240.72514426546,1.9386739950277843e-05
2.404809619238477,71.61921264168079,71.61921264168079,10258.623238828579,2.0974799554096535e-05
2.50501002004008,71.68106623659433,71.68106623659433,10276.350513630048,2.260787005070597e-05
2.6052104208416833,71.7422447298107,71.7422447298107,10293.8993577441,2.4283333914354444e-05
2.705410821643287,71.80272355257483,71.80272355257483,10311.26221913497,2.5998495402745903e-05
2.80561122244489,71.86247841711328,71.86247841711328,10328.431608500145,2.7750607841880992e-05
2.905811623246493,71.92148532638801,71.92148532638801,10345.400103107691,2.9536844522226602e-05
3.006012024048096,71.97972058373331,71.97972058373331,10362.160350624641,3.135434781142976e-05
3.1062124248496996,72.03716080237227,72.03716080237227,10378.705072933679,3.320019277452957e-05
3.2064128256513027,72.09378291480864,72.09378291480864,10395.02706993511,3.507141809677705e-05
3.306613226452906,72.1495641820906,72.1495641820906,10411.119223331221,3.696501153171994e-05
3.4068136272545093,72.20448220294244,72.20448220294244,10426.974500390064,3.88779335480649e-05
3.5070140280561124,72.25851492276081,72.25851492276081,10442.585957685693,4.0807120967656374e-05
3.6072144288577155,72.31164064247157,72.31164064247157,10457.946744811894,4.2749461499624886e-05
3.7074148296593186,72.36383802724407,72.36383802724407,10473.05010806643,4.470184103411157e-05
3.807615230460922,72.41508611505888,72.41508611505888,10487.889394102787,4.6661129090352915e-05
3.907815631262525,72.46536432512612,72.46536432512612,10502.458053546521,4.862416608375497e-05
4.008016032064129,72.51465246615035,72.51465246615035,10516.74964457313,5.0587812438607216e-05
4.108216432865731,72.5629307444394,72.5629307444394,10530.757836444616,5.2548912208294496e-05
4.208416833667335,72.61017977185324,72.61017977185324,10544.47641300169,5.4504307627212256e-05
4.308617234468938,72.65638057359008,72.65638057359008,10557.899276108717,5.6450859119649976e-05
4.408817635270541,72.70151459580656,72.70151459580656,10571.020449048548,5.838545075675938e-05
4.509018036072145,72.74556371306875,72.74556371306875,10583.83407986429,6.030495933373459e-05
4.609218436873747,72.78851023563118,72.78851023563118,10596.33444464517,6.22063143964624e-05
4.709418837675351,72.83033691654092,72.83033691654092,10608.515950753725,6.408645458577666e-05
4.809619238476954,72.87102695856376,72.87102695856376,10620.373139991452,6.59423658362357e-05
4.909819639278557,72.9105640209299,72.9105640209299,10631.900691700233,6.777106864319649e-05
5.01002004008016,72.94893222589621,72.9489322258962,10643.093425796797,6.956960714887828e-05
5.110220440881764,72.98611616512257,72.98611616512257,10653.94630573753,7.133512008294929e-05
5.210420841683367,73.0221009058598,73.0221009058598,10664.454441411142,7.306474981305655e-05
5.31062124248497,73.0568719969465,73.0568719969465,10674.613091956451,7.475572965631727e-05
5.410821643286574,73.09041547461244,73.09041547461244,10684.417668502932,7.640534204256255e-05
5.511022044088176,73.12271786808641,73.12271786808641,10693.863736831527,7.801093852322083e-05
5.61122244488978,73.1537662050059,73.1537662050059,10702.947019953324,7.956993431434967e-05
5.711422845691383,73.18354801662663,73.18354801662663,10711.663400603791,8.107982648652978e-05
5.811623246492986,73.21205134283004,73.21205134283004,10720.008923650363,8.253818850789685e-05
5.9118236472945895,73.23926473692619,73.23926473692619,10727.97979841112,8.394269207201432e-05
6.012024048096192,73.26517727025085,73.26517727025085,10735.572400882562,8.529105980414897e-05
6.112224448897796,73.28977853655415,73.28977853655415,10742.783275874308,8.658113620185759e-05
6.212424849699399,73.3130586561798,73.3130586561798,10749.609139048922,8.781086398812477e-05
6.312625250501002,73.33500828003265,73.33500828003265,10756.046878864916,8.89782422746066e-05
6.412825651302605,73.35561859333309,73.35561859333309,10762.093558421111,9.008140841615386e-05
6.513026052104209,73.37488131915713,73.37488131915713,10767.746417200788,9.11185907170875e-05
6.613226452905812,73.39278872176025,73.39278872176025,10773.002872713878,9.208812480210327e-05
6.713426853707415,73.40933360968408,73.40933360968408,10777.860522035786,9.298844815930352e-05
6.813627254509019,73.42450933864438,73.42450933864438,10782.317143241353,9.381811105413362e-05
6.913827655310621,73.4383098141993,73.4383098141993,10786.370696732643,9.457579653826542e-05
7.014028056112225,73.45072949419695,73.45072949419695,10790.019326459387,9.52602713368833e-05
7.114228456913827,73.46176339100097,73.46176339100097,10793.261361030822,9.587044587533455e-05
7.214428857715431,73.47140707349362,73.47140707349362,10796.095314718017,9.640533426136244e-05
7.3146292585170345,73.47965666885518,73.47965666885518,10798.519888345669,9.686408520792611e-05
7.414829659318637,73.48650886411937,73.48650886411937,10800.53397007259,9.72459511103807e-05
7.515030060120241,73.49196090750365,73.49196090750365,10802.13663606009,9.755032988323364e-05
7.615230460921844,73.49601060951446,73.49601060951446,10803.327151027723,9.777672312338836e-05
7.715430861723447,73.49865634382641,73.49865634382641,10804.104968695789,9.792476703296416e-05
7.81563126252505,73.49989704793539,73.49989704793539,10804.469732114203,9.799423969525378e-05
7.915831663326654,73.4997322235854,73.4997322235854,10804.421273877515,9.798500286706258e-05
8.016032064128257,73.49816193696842,73.49816193696842,10803.959616225666,9.789709474716801e-05
8.11623246492986,73.49518681869802,73.49518681869802,10803.084971030645,9.773064994078595e-05
8.216432865731463,73.49080806355605,73.49080806355605,10801.79773966887,9.748593220137991e-05
8.316633266533067,73.48502743001279,73.48502743001279,10800.098512779465,9.716332897369284e-05
8.41683366733467,73.47784723952078,73.47784723952078,10797.988069908704,9.676336776465178e-05
8.517034068136272,73.4692703755826,73.4692703755826,10795.467379040916,9.628669613448437e-05
8.617234468937877,73.45930028259278,73.45930028259278,10792.537596016271,9.573407078278251e-05
8.71743486973948,73.44794096445467,73.44794096445467,10789.200063836039,9.510637937637512e-05
8.817635270541082,73.43519698297243,73.43519698297243,10785.456311855925,9.440462781640235e-05
8.917835671342687,73.42107345601909,73.42107345601909,10781.308054868301,9.362994569528382e-05
9.01803607214429,73.40557605548118,73.40557605548118,10776.757192074063,9.278358447772916e-05
9.118236472945892,73.38871100498108,73.38871100498108,10771.805805945261,9.186689749185462e-05
9.218436873747494,73.37048507737758,73.37048507737758,10766.456160979373,9.088135266210884e-05
9.318637274549099,73.35090559204592,73.35090559204592,10760.710702346467,8.982854342320934e-05
9.418837675350701,73.32998041193851,73.32998041193851,10754.57205443057,8.871015961631201e-05
9.519038076152304,73.30771794042717,73.30771794042717,10748.043019266453,8.752798748901114e-05
9.619238476953909,73.28412711792836,73.28412711792836,10741.126574873368,8.628392424725462e-05
9.719438877755511,73.25921741831287,73.25921741831287,10733.825873487272,8.497998715029098e-05
9.819639278557114,73.23299884510116,73.23299884510116,10726.144239693176,8.361825348401908e-05
9.919839679358718,73.20548192744604,73.20548192744604,10718.085168459258,8.220091513067018e-05
10.02004008016032,73.17667771590423,73.17667771590423,10709.65232307463,8.073024764598813e-05
10.120240480961924,73.14659777799856,73.14659777799856,10700.84953299261,7.920861571619753e-05
10.220440881763528,73.1152541935726,73.11525419357261,10691.680791581472,7.763846770103555e-05
10.32064128256513,73.08265954993942,73.08265954993942,10682.150253784703,7.602232108183671e-05
10.420841683366733,73.04882693682671,73.04882693682671,10672.26223369292,7.436276791850105e-05
10.521042084168338,73.01376994112002,73.01376994112002,10662.021202029602,7.266246939252596e-05
10.62124248496994,72.97750264140632,72.97750264140632,10651.431783552933,7.09241721779108e-05
10.721442885771543,72.9400396023203,72.9400396023203,10640.498754376107,6.91506629664218e-05
10.821643286573147,72.90139586869526,72.90139586869526,10629.227039208437,6.73447812005179e-05
10.92184368737475,72.8615869595212,72.8615869595212,10617.62170851974,6.550944272021297e-05
11.022044088176353,72.82062886171262,72.82062886171262,10605.687975630586,6.364757791743614e-05
11.122244488977957,72.77853802368821,72.77853802368821,10593.431193730863,6.176218812470324e-05
11.22244488977956,72.7353313487654,72.7353313487654,10580.856852829389,5.985630014038179e-05
11.322645290581162,72.69102618837205,72.69102618837205,10567.970576637183,5.793297532363795e-05
11.422845691382767,72.64564033507834,72.64564033507834,10554.778119387121,5.599530595645774e-05
11.52304609218437,72.59919201545141,72.59919201545141,10541.285362592767,5.4046391596784815e-05
11.623246492985972,72.55169988273563,72.55169988273563,10527.498311749083,5.2089380915276706e-05
11.723446893787575,72.50318300936183,72.50318300936183,10513.42309297803,5.01273952977499e-05
11.823647294589179,72.45366087928771,72.45366087928771,10499.065949621652,4.816361433768179e-05
11.923847695390782,72.40315338017349,72.40315338017349,10484.433238785856,4.6201172153814696e-05
12.024048096192384,72.35168079539507,72.35168079539507,10469.531427837479,4.4243221054784954e-05
12.124248496993989,72.29926379589838,72.29926379589838,10454.367090857806,4.229291334922891e-05
12.224448897795591,72.24592343189823,72.24592343189823,10438.946905055405,4.0353375879931264e-05
12.324649298597194,72.19168112442458,72.19168112442458,10423.2776471412,3.842772639472969e-05
12.424849699398798,72.13655865672014,72.13655865672014,10407.36618966885,3.651906445156783e-05
12.525050100200401,72.08057816549235,72.08057816549235,10391.219497343307,3.4630447771633044e-05
12.625250501002004,72.02376213202358,72.02376213202358,10374.844623300627,3.276490497228224e-05
12.725450901803608,71.96613337314261,71.96613337314261,10358.2487053619,3.092544466198888e-05
12.82565130260521,71.90771503206186,71.90771503206186,10341.43896226443,2.9115013603586704e-05
12.925851703406813,71.8485305690831,71.8485305690831,10324.422689872936,2.733652036113199e-05
13.026052104208418,71.78860375217602,71.78860375217602,10307.20725737388,2.5592828023945913e-05
13.12625250501002,71.72795864743328,71.7279586474333,10289.8001034558,2.388672874076292e-05
13.226452905811623,71.66661960940576,71.66661960940576,10272.208732478524,2.222096372861415e-05
13.326653306613228,71.60461127132189,71.60461127132189,10254.440710634235,2.0598219634848647e-05
13.42685370741483,71.54195853519528,71.54195853519528,10236.503662103201,1.9021086700377055e-05
13.527054108216433,71.4786865618242,71.4786865618242,10218.405265207017,1.749211151036434e-05
13.627254509018037,71.4148207606873,71.4148207606873,10200.15324856219,1.601374606252648e-05
13.72745490981964,71.35038677973934,71.35038677973934,10181.755387236804,1.458835686207749e-05
13.827655310621243,71.28541049511111,71.28541049511111,10163.219498912993,1.3218243111623451e-05
13.927855711422847,71.21991800071794,71.21991800071794,10144.553440057975,1.1905602150363848e-05
14.02805611222445,71.15393559778057,71.15393559778057,10125.765102106212,1.0652538549038582e-05
14.128256513026052,71.08748978426274,71.08748978426274,10106.86240765532,9.461065928917378e-06
14.228456913827655,71.02060724422988,71.02060724422988,10087.853306678315,8.333112418767996e-06
14.32865731462926,70.95331483713306,70.95331483713306,10068.745772754653,7.270469723152928e-06
14.428857715430862,70.88563958702238,70.88563958702238,10049.547799322469,6.274860425037332e-06
14.529058116232465,70.81760867169446,70.81760867169446,10030.267395954508,5.3478670452022925e-06
14.629258517034069,70.7492494117779,70.7492494117779,10010.912584659909,4.4909975258633494e-06
14.729458917835672,70.68058925976173,70.68058925976173,9991.491396214291,3.705612471094355e-06
14.829659318637274,70.61165578897065,70.61165578897065,9972.011866520144,2.9929833544883877e-06
14.929859719438879,70.5424766824918,70.5424766824918,9952.482032999797,2.35424522543326e-06
15.030060120240481,70.47307972205748,70.47307972205748,9932.909931022938,1.7904349078889936e-06
15.130260521042084,70.4034927768883,70.4034927768883,9913.303590370726,1.302449163631536e-06
15.230460921843688,70.33374379250104,70.33374379250104,9893.671031738357,8.910828910302371e-07
15.330661322645291,70.26386077948612,70.26386077948612,9874.020263278017,5.569800123339519e-07
15.430861723446894,70.19387180225863,70.19387180225863,9854.359277183838,3.006880433531478e-07
15.531062124248498,70.12380496778796,70.12380496778796,9834.696046320727,1.2261989468242973e-07
15.6312625250501,70.05368841431036,70.05368841431036,9815.038520898563,2.306114765815437e-08
15.731462925851703,69.9835503000288,69.9835503000288,9795.394625193321,2.1591404220089316e-09
15.831663326653308,69.9134187918048,69.9134187918048,9775.77225431657,5.99684426560998e-08
15.93186372745491,69.84332205384703,69.84332205384703,9756.17927103479,1.963835529750213e-07
16.032064128256515,69.7732882364007,69.7732882364007,9736.623502639706,4.111843736609444e-07
16.132264529058116,69.70334546444268,69.70334546444268,9717.112737870882,7.04030753695406e-07
16.23246492985972,69.63352182638674,69.63352182638674,9697.654723891757,1.0744479368440807e-06
16.332665330661325,69.56384536280352,69.56384536280352,9678.25716332008,1.521844751550816e-06
16.432865731462925,69.49434405515966,69.49434405515966,9658.927711313809,2.045504515990615e-06
16.53306613226453,69.42504581458068,69.42504581458068,9639.673972713254,2.644579581101425e-06
16.633266533066134,69.35597847064216,69.35597847064216,9620.503499240356,3.318113158456981e-06
16.733466933867735,69.2871697601935,69.2871697601935,9601.423786755748,4.0650156734045595e-06
16.83366733466934,69.21864731621919,69.2186473162192,9582.442272574279,4.884097506874241e-06
16.933867735470944,69.15043865674156,69.15043865674156,9563.566332839555,5.774034434580244e-06
17.034068136272545,69.08257117376976,69.08257117376976,9544.80327995793,6.733404006808996e-06
17.13426853707415,69.01507212229944,69.01507212229944,9526.160360092388,7.76066372054629e-06
17.234468937875754,68.94796860936731,68.94796860936731,9507.6447507166,8.854161933413707e-06
17.334669338677354,68.88128758316525,68.88128758316525,9489.26355822943,1.0012137863668613e-05
17.43486973947896,68.81505582221806,68.81505582221806,9471.023815629975,1.12327397800982e-05
17.535070140280563,68.74929992462953,68.74929992462953,9452.93248025333,1.2514006812125444e-05
17.635270541082164,68.68404629740083,68.68404629740083,9434.996431567,1.3853872587787919e-05
17.73547094188377,68.61932114582567,68.61932114582567,9417.222469027914,1.525019615655765e-05
17.835671342685373,68.55515046296651,68.55515046296651,9399.617309999954,1.6700723790563643e-05
17.935871743486974,68.49156001921594,68.49156001921594,9382.187587731718,1.8203129002358764e-05
18.03607214428858,68.42857535194756,68.42857535194756,9364.93984939433,1.975500344997272e-05
18.13627254509018,68.36622175526034,68.36622175526034,9347.880554178864,2.1353851479943842e-05
18.236472945891784,68.30452426982075,68.30452426982075,9331.016071453063,2.2997102860244922e-05
18.336673346693388,68.24350767280663,68.24350767280663,9314.352678976835,2.468212005624082e-05
18.43687374749499,68.18319646795693,68.18319646795693,9297.896561176029,2.6406200049677864e-05
18.537074148296593,68.12361487573119,68.12361487573119,9281.65380747389,2.8166567062726244e-05
18.637274549098198,68.06478682358279,68.06478682358279,9265.63041067954,2.996039984282106e-05
18.7374749498998,68.00673593634997,68.00673593634997,9249.83226543287,3.178480801580008e-05
18.837675350701403,67.94948552676816,67.94948552676816,9234.26516670495,3.363687574164942e-05
18.937875751503007,67.89305858610793,67.89305858610793,9218.934808353366,3.5513618058757856e-05
19.03807615230461,67.83747777494185,67.83747777494185,9203.846781731458,3.741201726370491e-05
19.138276553106213,67.78276541404412,67.78276541404412,9189.006574350671,3.932903382519726e-05
19.238476953907817,67.72894347542689,67.72894347542689,9174.419568595142,4.1261579099227674e-05
19.338677354709418,67.67603357351632,67.67603357351632,9160.091040487416,4.3206560803810135e-05
19.438877755511022,67.62405695647256,67.62405695647256,9146.026158504488,4.516084482020233e-05
19.539078156312627,67.57303449765658,67.57303449765658,9132.229982442972,4.7121291572693735e-05
19.639278557114228,67.52298668724762,67.52298668724762,9118.707462332439,4.9084761485573836e-05
19.739478957915832,67.47393362401459,67.47393362401459,9105.463437395854,5.104808951728046e-05
19.839679358717436,67.42589500724445,67.42589500724445,9092.502635055904,5.300813245412428e-05
19.939879759519037,67.37889012883124,67.37889012883124,9079.829669986226,5.496173616847955e-05
20.04008016032064,67.33293786552862,67.33293786552862,9067.449043206276,5.690576472261455e-05
20.140280561122246,67.28805667136906,67.28805667136906,9055.36514121875,5.8837093092733994e-05
20.240480961923847,67.24426457025292,67.24426457025292,9043.582235188345,6.075262172089424e-05
20.34068136272545,67.2015791487102,67.2015791487102,9032.104480160722,6.264927469601389e-05
20.440881763527056,67.16001754883791,67.16001754883791,9020.935914320433,6.45240015728632e-05
20.541082164328657,67.119596461416,67.119596461416,9010.080458286653,6.637379738094751e-05
20.64128256513026,67.08033211920443,67.08033211920443,8999.541914445539,6.819568443461321e-05
20.741482965931866,67.04224029042427,67.04224029042427,8989.323966317976,6.998673961788882e-05
20.841683366733466,67.00533627242535,67.00533627242535,8979.430177961602,7.174408892751671e-05
20.94188376753507,66.96963488554289,66.96963488554289,8969.863993405846,7.346490201598499e-05
21.042084168336675,66.93515046714586,66.93515046714586,8960.628736118913,7.514642129535787e-05
21.142284569138276,66.90189686587915,66.90189686587915,8951.727608505462,7.678594374738168e-05
21.24248496993988,66.86988743610215,66.86988743610215,8943.163691433943,7.83808391133789e-05
21.342685370741485,66.83913503252569,66.83913503252569,8934.939943792406,7.992854079930112e-05
21.442885771543086,66.80965200504973,66.80965200504973,8927.05920207169,8.14265622466337e-05
21.54308617234469,66.78145019380375,66.78145019380375,8919.524179974982,8.287250057037454e-05
21.643286573146295,66.7545409243918,66.7545409243918,8912.337468052601,8.426403837802354e-05
21.743486973947896,66.72893500334436,66.72893500334438,8905.501533361115,8.559892739867792e-05
21.8436873747495,66.70464271377838,66.70464271377838,8899.018719145655,8.687503759574611e-05
21.943887775551104,66.68167381126779,66.68167381126779,8892.891244544631,8.809031169221271e-05
22.044088176352705,66.66003751992564,66.66003751992564,8887.121204315788,8.92427942744689e-05
22.14428857715431,66.63974252869988,66.63974252869988,8881.710568582825,9.033064270624891e-05
22.244488977955914,66.6207969878839,66.6207969878839,8876.661182601683,9.13521034817677e-05
22.344689378757515,66.60320850584344,66.60320850584344,8871.974766545713,9.230554132955149e-05
22.44488977955912,66.58698414596113,66.58698414596114,8867.652915308958,9.318941738456488e-05
22.545090180360724,66.57213042379993,66.57213042379993,8863.697098326857,9.400232011103071e-05
22.645290581162325,66.5586533044865,66.5586533044865,8860.108659413663,9.474293801758904e-05
22.74549098196393,66.54655820031569,66.54655820031569,8856.888816616007,9.541008148516994e-05
22.845691382765533,66.53584996857698,66.53584996857698,8854.038662081972,9.600268458598293e-05
22.945891783567134,66.52653290960387,66.52653290960387,8851.559161945213,9.651978689362295e-05
23.04609218436874,66.51861076504683,66.51861076504683,8849.451156223608,9.69605716818478e-05
23.14629258517034,66.51208671637079,66.51208671637079,8847.715358732055,9.732430953590665e-05
23.246492985971944,66.5069633835774,66.5069633835774,8846.35235700901,9.761043656908441e-05
23.34669338677355,66.50324282415289,66.50324282415289,8845.362612256486,9.781848712009378e-05
23.44689378757515,66.50092653224186,66.50092653224186,8844.74645929326,9.794812285690568e-05
23.547094188376754,66.50001543804716,66.50001543804716,8844.50410652102,9.799913459573872e-05
23.647294589178358,66.50050990745632,66.50050990745632,8844.635635903393,9.797144593903795e-05
23.74749498997996,66.50240974189471,66.50240974189471,8845.141002957705,9.786510236153845e-05
23.847695390781563,66.50571417840523,66.50571417840523,8846.02003675946,9.768026393430773e-05
23.947895791583168,66.51042188995466,66.51042188995466,8847.272439959519,9.741724170453381e-05
24.04809619238477,66.51653098596665,66.51653098596665,8848.897788814123,9.707645222079009e-05
24.148296593186373,66.524039013081,66.524039013081,8850.895533227844,9.665843936090823e-05
24.248496993987978,66.53294295613874,66.53294295613874,8853.264996809623,9.616387433197815e-05
24.34869739478958,66.54323923939319,66.54323923939319,8856.005376942234,9.55935574893374e-05
24.448897795591183,66.55492372794579,66.55492372794579,8859.115744865363,9.494840742263477e-05
24.549098196392787,66.5679917294068,66.5679917294068,8862.595045772743,9.422944640391506e-05
24.649298597194388,66.58243799577953,66.58243799577953,8866.442098923651,9.343784222437534e-05
24.749498997995993,66.59825672556806,66.59825672556806,8870.655597769344,9.257485726266168e-05
24.849699398797597,66.615441566107,66.615441566107,8875.23411009483,9.164188668364659e-05
24.949899799599198,66.63398561611261,66.63398561611261,8880.176078176604,9.064042569661979e-05
25.050100200400802,66.65388142845444,66.65388142845444,8885.479818956928,8.957207319326699e-05
25.150300601202407,66.67512101314587,66.67512101314587,8891.14352423529,8.843856812745798e-05
25.250501002004007,66.69769584055297,66.69769584055297,8897.165260877833,8.724170220375527e-05
25.350701402805612,66.72159684481979,66.72159684481979,8903.542971045332,8.598341446486302e-05
25.450901803607216,66.74681442750922,66.74681442750922,8910.274472440706,8.466572944598738e-05
25.551102204408817,66.77333846145763,66.77333846145763,8917.357458576753,8.329075717483647e-05
25.65130260521042,66.80115829484183,66.80115829484183,8924.78949906503,8.18607059045462e-05
25.751503006012026,66.83026275545673,66.83026275545673,8932.568039926773,8.037787119974382e-05
25.851703406813627,66.86064015520205,66.86064015520205,8940.690403926834,7.884464321250562e-05
25.95190380761523,66.89227829477615,66.89227829477615,8949.15379093156,7.726347757852636e-05
26.052104208416836,66.92516446857513,66.92516446857513,8957.955278291663,7.56369063310558e-05
26.152304609218437,66.9592854697953,66.9592854697953,8967.09182125108,7.396755790978204e-05
26.25250501002004,66.99462759573699,66.99462759573697,8976.560253382966,7.225810622912832e-05
26.352705410821645,67.03117665330728,67.03117665330728,8986.357287053776,7.051129614410456e-05
26.452905811623246,67.06891796472003,67.06891796472003,8996.47951391669,6.872993435536046e-05
26.55310621242485,67.10783637339016,67.10783637339016,9006.923405435415,6.691688577120658e-05
26.653306613226455,67.14791625002053,67.14791625002053,9017.685313439542,6.5075053498731e-05
26.753507014028056,67.18914149887847,67.18914149887847,9028.761470712627,6.320740249066148e-05
26.85370741482966,67.23149556425972,67.23149556425972,9040.147991614149,6.131693407951389e-05
26.953907815631265,67.27496143713702,67.27496143713702,9051.840872736548,5.940667870163452e-05
27.054108216432866,67.31952166199082,67.31952166199083,9063.835993598505,5.747971408709418e-05
27.15430861723447,67.3651583438193,67.3651583438193,9076.129117375694,5.553912342293188e-05
27.254509018036075,67.41185315532474,67.41185315532474,9088.71589167013,5.358803173294291e-05
27.354709418837675,67.45958734427369,67.45958734427369,9101.59184931938,5.162957313586958e-05
27.45490981963928,67.5083417410277,67.5083417410277,9114.752409246768,4.96668835694436e-05
27.555110220440884,67.55809676624169,67.55809676624169,9128.192877353751,4.770313353219535e-05
27.655310621242485,67.60883243872678,67.60883243872678,9141.90844745567,4.574145714286715e-05
27.75551102204409,67.66052838347463,67.66052838347463,9155.894202261952,4.3785019443021156e-05
27.855711422845694,67.71316383983982,67.71316383983981,9170.145114401981,4.183695637038909e-05
27.955911823647295,67.7667176698772,67.7667176698772,9184.656047497692,3.990040022472385e-05
28.0561122244489,67.82116836683066,67.82116836683066,9199.421757283984,3.79784560209373e-05
28.156312625250504,67.87649406377008,67.87649406377007,9214.436892778029,3.607421967899427e-05
28.256513026052104,67.9326725423729,67.93267254237288,9229.695997498528,3.41907416441245e-05
28.35671342685371,67.98968124184677,67.98968124184677,9245.19351073586,3.23310505336849e-05
28.45691382765531,68.04749726798985,68.04749726798985,9260.923768874174,3.0498133128276095e-05
28.557114228456914,68.10609740238485,68.10609740238485,9276.881006766263,2.8694936190731823e-05
28.65731462925852,68.16545811172335,68.16545811172335,9293.059359162222,2.6924351914203726e-05
28.75751503006012,68.22555555725664,68.22555555725664,9309.452862192626,2.5189223379129544e-05
28.857715430861724,68.28636560436907,68.28636560436907,9326.055454907117,2.3492346372222528e-05
28.95791583166333,68.34786383227036,68.34786383227036,9342.860980869142,2.1836434825672768e-05
29.05811623246493,68.41002554380277,68.41002554380277,9359.863189807496,2.022414810198825e-05
29.158316633266534,68.47282577535925,68.47282577535925,9377.055739325406,1.865808735601604e-05
29.258517034068138,68.53623930690861,68.53623930690861,9394.43219666769,1.7140762793133035e-05
29.35871743486974,68.60024067212369,68.60024067212369,9411.986040546586,1.5674611859139986e-05
29.458917835671343,68.6648041686084,68.6648041686084,9429.710663026683,1.4261981050367467e-05
29.559118236472948,68.72990386821954,68.72990386821954,9447.599371469398,1.2905155017506331e-05
29.65931863727455,68.79551362747944,68.79551362747944,9465.645390537418,1.1606296538957395e-05
29.759519038076153,68.86160709807478,68.86160709807478,9483.841864259248,1.0367508366471156e-05
29.859719438877757,68.92815773743806,68.92815773743806,9502.181858154283,9.190767741529271e-06
29.95991983967936,68.9951388194066,68.99513881940662,9520.658361418378,8.07796823210083e-06
30.060120240480963,69.06252344495584,69.06252344495584,9539.26428917015,7.030899723758921e-06
30.160320641282567,69.13028455300147,69.13028455300147,9557.992484757908,6.051237505744211e-06
30.260521042084168,69.19839493126712,69.19839493126712,9576.835722127229,5.1405677368165925e-06
30.360721442885772,69.2668272272125,69.2668272272125,9595.786708249014,4.3003401515306905e-06
30.460921843687377,69.33555395901799,69.33555395901799,9614.83808560779,3.53190625901334e-06
30.561122244488978,69.404547526621,69.40454752662099,9633.982434749985,2.8365084290271625e-06
30.661322645290582,69.47378022280003,69.47378022280003,9653.212276891842,2.215258064097725e-06
30.761523046092186,69.54322424430163,69.54322424430163,9672.520076586443,1.66915197041817e-06
30.861723446893787,69.61285170300586,69.61285170300586,9691.898244449372,1.1990687198704109e-06
30.96192384769539,69.68263463712603,69.68263463712603,9711.339139942393,8.057686500251293e-07
31.062124248496996,69.75254502243786,69.75254502243786,9730.835074214441,4.898756742477417e-07
31.162324649298597,69.82255478353376,69.82255478353376,9750.378312999146,2.5189547159243375e-07
31.2625250501002,69.89263580509767,69.89263580509767,9769.961079568042,9.221912478096783e-08
31.362725450901806,69.96275994319598,69.96275994319598,9789.575557738535,1.1095835361629725e-08
31.462925851703407,70.03289903657979,70.03289903657979,9809.213894935558,8.662027539685369e-09
31.56312625250501,70.10302491799438,70.10302491799438,9828.86820530588,8.491406333632767e-08
31.663326653306616,70.17310942549072,70.17310942549072,9848.53057288379,2.3973370844032615e-07
31.763527054108216,70.2431244137353,70.2431244137353,9868.193054806992,4.7287721827160567e-07
31.86372745490982,70.31304176531289,70.31304176531289,9887.84768458127,7.839626050554216e-07
31.963927855711425,70.3828334020183,70.3828334020183,9907.486475392529,1.1724914656952024e-06
32.06412825651303,70.45247129613237,70.45247129613237,9927.101423464712,1.6378435248043388e-06
32.16432865731463,70.52192748167761,70.52192748167761,9946.68451146199,2.17926935874857e-06
32.26452905811623,70.59117406564917,70.59117406564917,9966.22771193356,2.795895852614194e-06
32.364729458917836,70.66018323921631,70.66018323921631,9985.722990799251,3.486737114144489e-06
32.46492985971944,70.72892728889035,70.72892728889035,10005.162310874275,4.250679921824485e-06
32.565130260521045,70.797378607654,70.797378607654,10024.537635431008,5.086496457806788e-06
32.66533066132265,70.86550970604821,70.86550970604821,10043.840931796027,5.9928552218480036e-06
32.765531062124246,70.93329322321168,70.93329322321168,10063.064174980256,6.9682864705100656e-06
32.86573146292585,71.00070193786871,71.00070193786871,10082.199351340148,8.011234967852943e-06
32.965931863727455,71.0677087792611,71.0677087792611,10101.23846226773,9.120014510699548e-06
33.06613226452906,71.13428683801938,71.13428683801938,10120.173527907235,1.0292853403370827e-05
33.166332665330664,71.20040937696963,71.20040937696963,10138.99659089613,1.1527859896887094e-05
33.26653306613227,71.26604984187064,71.26604984187064,10157.699720127981,1.2823054930777289e-05
33.366733466933866,71.33118187207802,71.33118187207802,10176.275014534944,1.417635940015316e-05
33.46693386773547,71.39577931113038,71.39577931113037,10194.714606887264,1.558559961267747e-05
33.567134268537075,71.45981621725352,71.45981621725352,10213.010667607297,1.704850365058519e-05
33.66733466933868,71.5232668737784,71.5232668737784,10231.155408595452,1.8562735931482166e-05
33.76753507014028,71.58610579946878,71.58610579946878,10249.141087065476,2.0125857190578245e-05
33.86773547094189,71.64830775875429,71.64830775875429,10266.96000938634,2.173534630856011e-05
33.967935871743485,71.70984777186467,71.70984777186467,10284.60453492801,2.338863669137936e-05
34.06813627254509,71.77070112486163,71.77070112486163,10302.06707990843,2.5083059881580994e-05
34.168336673346694,71.83084337956362,71.83084337956362,10319.340121238796,2.6815900127985515e-05
34.2685370741483,71.89025038336001,71.89025038336001,10336.416200364389,2.8584372557816096e-05
34.3687374749499,71.94889827891062,71.94889827891062,10353.287927098056,3.0385639547603205e-05
34.46893787575151,72.0067635137266,72.0067635137266,10369.947983443495,3.221679980924819e-05
34.569138276553105,72.06382284962885,72.06382284962885,10386.389127405379,3.407491749385372e-05
34.66933867735471,72.12005337208038,72.12005337208038,10402.604196783444,3.595701309677679e-05
34.76953907815631,72.17543249938849,72.17543249938849,10418.586112947569,3.786005254369229e-05
34.86973947895792,72.22993799177344,72.22993799177344,10434.327884590872,3.978098902734928e-05
34.96993987975952,72.28354796029973,72.28354796029973,10449.822611457903,4.171673390374053e-05
35.07014028056113,72.33624087566655,72.33624087566655,10465.063488044903,4.366417124401778e-05
35.170340681362724,72.38799557685365,72.38799557685365,10480.043807269169,4.562018148135394e-05
35.27054108216433,72.43879127961958,72.43879127961958,10494.75696410458,4.758162140205968e-05
35.37074148296593,72.48860758484835,72.48860758484835,10509.196459180268,4.954534051648807e-05
35.47094188376754,72.53742448674157,72.53742448674157,10523.355902339472,5.150817924004514e-05
35.57114228456914,72.58522238085258,72.58522238085258,10537.229016155647,5.346699799702037e-05
35.671342685370746,72.63198207195953,72.63198207195953,10550.8096394029,5.541863720281981e-05
35.77154308617234,72.67768478177386,72.67768478177386,10564.091730477769,5.735996091971174e-05
35.87174348697395,72.7223121564816,72.7223121564816,10577.069370769505,5.9287867770763114e-05
35.97194388777555,72.76584627411414,72.76584627411415,10589.736767976023,6.119924364611506e-05
36.07214428857716,72.80826965174539,72.80826965174539,10602.088259362537,6.309102718660142e-05
36.17234468937876,72.8495652525129,72.84956525251292,10614.118314960273,6.496017522295006e-05
36.27254509018036,72.88971649245971,72.88971649245971,10625.821540702307,6.680368642264511e-05
36.37274549098196,72.92870724719423,72.92870724719423,10637.19268149392,6.861860674689524e-05
36.47294589178357,72.96652185836577,72.96652185836577,10648.226624214738,7.040201671770774e-05
36.57314629258517,73.00314513995274,73.00314513995274,10658.918400650009,7.215104415081441e-05
36.673346693386776,73.03856238436119,73.03856238436119,10669.263190348442,7.386288962152321e-05
36.77354709418838,73.07275936833135,73.07275936833135,10679.256323404114,7.553480645583477e-05
36.87374749498998,73.1057223586495,73.1057223586495,10688.89328315989,7.716409163549542e-05
36.97394789579158,73.13743811766312,73.13743811766312,10698.169708830006,7.87481440056581e-05
37.07414829659319,73.16789390859698,73.16789390859698,10707.081398039407,8.028441698115785e-05
37.17434869739479,73.19707750066824,73.19707750066824,10715.624309277666,8.177044037438463e-05
37.274549098196395,73.22497717399811,73.22497717399811,10723.794564265088,8.32038203952834e-05
37.374749498998,73.25158172431846,73.25158172431846,10731.588450229012,8.458227057417389e-05
37.4749498997996,73.2768804674714,73.2768804674714,10739.002422088184,8.590356628701556e-05
37.5751503006012,73.30086324369998,73.30086324369998,10746.033104543214,8.716558659216389e-05
37.675350701402806,73.32352042172818,73.32352042172818,10752.677294071178,8.836630513542332e-05
37.77555110220441,73.34484290262876,73.34484290262876,10758.931960822583,8.950379015004728e-05
37.875751503006015,73.36482212347732,73.36482212347732,10764.794250418936,9.057622628461104e-05
37.97595190380762,73.38345006079122,73.38345006079122,10770.261485649278,9.15818727662554e-05
38.07615230460922,73.40071923375147,73.40071923375147,10775.331168064027,9.251913070329465e-05
38.17635270541082,73.41662270720724,73.41662270720724,10780.000979464836,9.338648669654503e-05
38.276553106212425,73.43115409446081,73.43115409446081,10784.268783288897,9.418254376214463e-05
38.37675350701403,73.44430755983238,73.44430755983238,10788.132625886505,9.490603406447917e-05
38.476953907815634,73.45607782100376,73.45607782100376,10791.590737690722,9.555579345033038e-05
38.57715430861724,73.46646015113964,73.46646015113964,10794.641534277978,9.613076872483362e-05
38.677354709418836,73.47545038078577,73.47545038078577,10797.283617318624,9.663004493631888e-05
38.77755511022044,73.48304489954353,73.48304489954353,10799.515775416661,9.70528126345016e-05
38.877755511022045,73.48924065751966,73.48924065751966,10801.33698483768,9.739840061229188e-05
38.97795591182365,73.49403516655126,73.49403516655126,10802.746410124546,9.766624862095341e-05
39.078156312625254,73.49742650120481,73.49742650120481,10803.743404600007,9.785593829292338e-05
39.17835671342686,73.49941329954963,73.49941329954963,10804.327510756026,9.796714766707737e-05
39.278557114228455,73.4999947637046,73.4999947637046,10804.498460529208,9.799970939639024e-05
39.37875751503006,73.49917066015878,73.49917066015878,10804.256175462291,9.795356163522229e-05
39.478957915831664,73.49694131986502,73.49694131986502,10803.600766751362,9.782878987607546e-05
39.57915831663327,73.49330763810711,73.49330763810711,10802.532535178907,9.762558693182655e-05
39.67935871743487,73.48827107414037,73.48827107414037,10801.051970932673,9.734427658258937e-05
39.77955911823648,73.48183365060537,73.48183365060537,10799.159753310478,9.698532630864065e-05
39.879759519038075,73.47399795271589,73.47399795271589,10796.856750311397,9.654929635871667e-05
39.97995991983968,73.46476712722061,73.46476712722061,10794.144018113508,9.60368870437378e-05
40.08016032064128,73.45414488113938,73.45414488113938,10791.02280043883,9.544893691781908e-05
40.18036072144289,73.44213548027462,73.44213548027462,10787.494527806022,9.478637730353512e-05
40.28056112224449,73.42874374749807,73.42874374749807,10783.560816671476,9.405027049069759e-05
40.3807615230461,73.41397506081411,73.41397506081411,10779.223468459671,9.3241804279387e-05
40.480961923847694,73.39783535119987,73.39783535119987,10774.484468483692,9.236227924702689e-05
40.5811623246493,73.38033110022349,73.38033110022349,10769.345984756852,9.141310874838382e-05
40.6813627254509,73.36146933744114,73.36146933744114,10763.810366696633,9.039580800163094e-05
40.78156312625251,73.34125763757403,73.34125763757403,10757.880143722023,8.931202137318905e-05
40.88176352705411,73.31970411746646,73.31970411746646,10751.558023745656,8.816348417894915e-05
40.981963927855716,73.29681743282613,73.29681743282613,10744.846891562089,8.695204269315582e-05
41.08216432865731,73.27260677474816,73.27260677474816,10737.749807133738,8.567963959649205e-05
41.18236472945892,73.24708186602393,73.24708186602393,10730.270003776024,8.434832670900505e-05
41.28256513026052,73.22025295723658,73.22025295723658,10722.410886243424,8.296023406728636e-05
41.38276553106213,73.19213082264442,73.19213082264442,10714.17602871819,8.151759539032355e-05
41.48296593186373,73.16272675585407,73.16272675585407,10705.569172703528,8.002272261364851e-05
41.58316633266533,73.13205256528505,73.13205256528505,10696.594224823231,7.847802771721035e-05
41.68336673346693,73.10012056942769,73.10012056942769,10687.25525452973,7.688598270760849e-05
41.78356713426854,73.066943591896,73.066943591896,10677.556491722626,7.524914326495491e-05
41.88376753507014,73.03253495627794,73.03253495627794,10667.50232427992,7.357014328590594e-05
41.983967935871746,72.9969084807847,72.9969084807847,10657.097295504114,7.185168578871526e-05
42.08416833667335,72.96007847270148,72.96007847270148,10646.346101485517,7.00965138094034e-05
42.18436873747495,72.92205972264176,72.92205972264176,10635.253588385063,6.830746497143991e-05
42.28456913827655,72.88286749860758,72.88286749860758,10623.824749639178,6.648739508818835e-05
42.38476953907816,72.84251753985795,72.84251753985795,10612.064723089026,6.463924910349306e-05
42.48496993987976,72.8010260505882,72.8010260505882,10599.978788036846,6.276597559917718e-05
42.585170340681366,72.75840969342248,72.75840969342248,10587.57236223183,6.08705886406824e-05
42.68537074148297,72.7146855827221,72.7146855827221,10574.850998788266,5.895614049222786e-05
42.78557114228457,72.66987127771272,72.66987127771272,10561.82038303867,5.702570160792675e-05
42.88577154308617,72.62398477543259,72.62398477543259,10548.486329324529,5.5082364269765094e-05
42.985971943887776,72.57704450350512,72.57704450350512,10534.854777727525,5.3129268053453416e-05
43.08617234468938,72.52906931273856,72.52906931273856,10520.931790744067,5.11695361637976e-05
43.186372745490985,72.48007846955561,72.48007846955561,10506.723549905877,4.920631545246579e-05
43.28657314629259,72.43009164825624,72.43009164825624,10492.236352349595,4.724276368506253e-05
43.38677354709419,72.37912892311658,72.37912892311658,10477.476607338263,4.5282036808202974e-05
43.48697394789579,72.3272107603274,72.3272107603274,10462.45083273764,4.3327278035576455e-05
43.587174348697395,72.27435800977494,72.27435800977494,10447.16565145024,4.1381634218851104e-05
43.687374749499,72.22059189666783,72.22059189666783,10431.627787810085,3.9448224924854e-05
43.787575150300604,72.16593401301321,72.16593401301321,10415.844063941155,3.753016244445462e-05
43.88777555110221,72.11040630894563,72.11040630894563,10399.82139608245,3.563052086974494e-05
43.987975951903806,72.05403108391197,72.05403108391197,10383.566790882704,3.3752347007975914e-05
44.08817635270541,71.99683097771617,71.99683097771617,10367.087341667662,3.189867493347265e-05
44.188376753507015,71.93882896142745,71.93882896142745,10350.390224683024,3.007246232300531e-05
44.28857715430862,71.88004832815511,71.88004832815511,10333.48269531583,2.8276655939407647e-05
44.388777555110224,71.82051268369436,71.82051268369436,10316.372084297405,2.6514129785937257e-05
44.48897795591183,71.76024593704634,71.76024593704634,10299.06579389075,2.478772512404248e-05
44.589178356713425,71.69927229081657,71.69927229081657,10281.571294065312,2.3100210455595516e-05
44.68937875751503,71.6376162314953,71.6376162314953,10263.896118661998,2.1454297893797047e-05
44.789579158316634,71.57530251962406,71.57530251962406,10246.047861551404,1.9852624973282218e-05
44.88977955911824,71.51235617985188,71.51235617985188,10228.034172787999,1.8297771021025255e-05
44.98997995991984,71.44880249088577,71.44880249088577,10209.86275476321,1.6792228052509017e-05
45.09018036072145,71.38466697533889,71.38466697533889,10191.541358360077,1.5338422599597834e-05
45.190380761523045,71.31997538948097,71.31997538948097,10173.077779112344,1.3938679330749437e-05
45.29058116232465,71.25475371289474,71.25475371289474,10154.479853370573,1.259525743080303e-05
45.390781563126254,71.18902813804284,71.18902813804284,10135.75545447811,1.1310303307254799e-05
45.49098196392786,71.12282505974906,71.12282505974906,10116.912488959339,1.0085890608024783e-05
45.59118236472946,71.0561710645985,71.0561710645985,10097.95889272297,8.923978384700604e-06
45.69138276553107,70.98909292026053,70.98909292026053,10078.902627282769,7.826434739399701e-06
45.791583166332664,70.92161756473922,70.92161756473922,10059.751675998254,6.79503136780113e-06
45.89178356713427,70.85377209555516,70.85377209555516,10040.51404033774,5.831418093293905e-06
45.99198396793587,70.78558375886348,70.78558375886348,10021.197736166156,4.937135599902831e-06
46.09218436873748,70.71707993851189,70.71707993851189,10001.81079005976,4.113626346224919e-06
46.19238476953908,70.64828814504361,70.64828814504361,9982.361235650218,3.362216375535354e-06
46.29258517034068,70.57923600464939,70.57923600464939,9962.857109999994,2.684115315787494e-06
46.392785571142284,70.5099512480731,70.5099512480731,9943.306450011289,2.0804000087082386e-06
46.49298597194389,70.44046169947518,70.44046169947518,9923.717288870459,1.552052708575502e-06
46.59318637274549,70.37079526525885,70.37079526525885,9904.097652529954,1.0999119695043191e-06
46.6933867735471,70.30097992286302,70.30097992286302,9884.455556229579,7.24714482203126e-07
46.7935871743487,70.2310437095269,70.2310437095269,9864.799001058956,4.2704959923867136e-07
46.8937875751503,70.16101471103036,70.16101471103036,9845.135970562838,2.0740844774991274e-07
46.9939879759519,70.09092105041505,70.09092105041505,9825.474427391031,6.612935976590961e-08
47.09418837675351,70.0207908766903,70.0207908766903,9805.822309994392,3.457898856140673e-09
47.19438877755511,69.95065235352884,69.95065235352884,9786.187529368499,1.9479557522572577e-08
47.294589178356716,69.88053364795645,69.88053364795645,9766.577965846349,1.1417614587116987e-07
47.39478957915832,69.81046291904035,69.81046291904035,9747.001465941416,2.8739668778143823e-07
47.49498997995992,69.74046830658074,69.74046830658074,9727.465839242384,5.388537829276174e-07
47.59519038076152,69.67057791981009,69.67057791981009,9707.978855360658,8.681490726303309e-07
47.69539078156313,69.60081982610473,69.60081982610473,9688.548240931785,1.2747623259201646e-06
47.79559118236473,69.53122203971327,69.53122203971327,9669.181676671817,1.758025973686017e-06
47.895791583166336,69.46181251050628,69.46181251050628,9649.886794489454,2.3171669454313815e-06
47.99599198396794,69.39261911275185,69.39261911275185,9630.671174654904,2.9512921173591167e-06
48.09619238476954,69.32366963392153,69.32366963392153,9611.542343026187,3.6593810364138335e-06
48.19639278557114,69.25499176353118,69.25499176353118,9592.507768333544,4.440298653207719e-06
48.296593186372746,69.18661308202101,69.18661308202101,9573.574859522561,5.292788046062924e-06
48.39679358717435,69.1185610496796,69.1185610496796,9554.750963156572,6.215477696969174e-06
48.496993987975955,69.050862995616,69.050862995616,9536.043360878662,7.206886948551983e-06
48.59719438877756,68.98354610678466,68.98354610678466,9517.459266933769,8.265426004072651e-06
48.69739478957916,68.91663741706735,68.91663741706735,9499.005825751055,9.389395927428268e-06
48.79759519038076,68.85016379641661,68.85016379641661,9480.690109586792,1.0576988643151708e-05
48.897795591182366,68.78415194006499,68.78415194006499,9462.519116227892,1.1826294212369248e-05
48.99799599198397,68.71862835780449,68.71862835780449,9444.499766756104,1.3135304470779374e-05
49.098196392785574,68.65361936334043,68.65361936334043,9426.638903372863,1.4501925761578605e-05
49.19839679358718,68.5891510637241,68.5891510637241,9408.94328728473,1.5923958926578052e-05
49.298597194388776,68.52524934886848,68.52524934886848,9391.4195966492,1.7399113858118653e-05
49.39879759519038,68.4619398811509,68.4619398811509,9374.07442458064,1.8925029507954605e-05
49.498997995991985,68.39924808510737,68.39924808510737,9356.914277216129,2.0499257516348734e-05
49.59919839679359,68.33719913722237,68.33719913722237,9339.945571840772,2.211925311712548e-05
49.699398797595194,68.275817955818,68.275817955818,9323.174635071999,2.3782429707353003e-05
49.7995991983968,68.21512919104715,68.21512919104715,9306.607701102506,2.548610973462928e-05
49.899799599198396,68.15515721499416,68.15515721499416,9290.250910001141,2.7227561076870188e-05
50.0,68.09592611188721,68.09592611188721,9274.110306071205,2.9003978852415457e-05
